{"cameraMode":{"drawMode":0,"name":"Shaded","section":"Shading Mode"},"sceneLighting":false,"audioPlay":false,"sceneViewState":{"showFog":true,"showMaterialUpdate":false,"showSkybox":false,"showFlares":true,"showImageEffects":true,"showParticleSystems":true},"in2DMode":false,"pivot":{"x":0.002278856933116913,"y":0.009755849838256836,"z":0.08344897627830506},"rotation":{"x":-0.10247199982404709,"y":0.8968422412872315,"z":-0.28511837124824526,"w":-0.32231375575065615},"size":0.29836350679397585,"orthographic":false}