{"cameraMode":{"drawMode":0,"name":"Shaded","section":"Shading Mode"},"sceneLighting":false,"audioPlay":false,"sceneViewState":{"showFog":true,"showMaterialUpdate":false,"showSkybox":false,"showFlares":true,"showImageEffects":true,"showParticleSystems":true},"in2DMode":false,"pivot":{"x":0.004550427198410034,"y":0.026008576154708864,"z":-0.0374603271484375},"rotation":{"x":0.1321585476398468,"y":-0.31411290168762209,"z":0.04420112445950508,"w":0.939102828502655},"size":0.505979061126709,"orthographic":false}