{"cameraMode":{"drawMode":0,"name":"Shaded","section":"Shading Mode"},"sceneLighting":true,"audioPlay":false,"sceneViewState":{"showFog":true,"showMaterialUpdate":true,"showSkybox":true,"showFlares":true,"showImageEffects":true,"showParticleSystems":true},"in2DMode":false,"pivot":{"x":-16.082088470458986,"y":-4.700714111328125,"z":1.7461414337158204},"rotation":{"x":0.06004282832145691,"y":-0.5879910588264465,"z":0.043823082000017169,"w":0.8054767847061157},"size":24.644744873046876,"orthographic":false}