{"cameraMode":{"drawMode":0,"name":"Shaded","section":"Shading Mode"},"sceneLighting":false,"audioPlay":false,"sceneViewState":{"showFog":true,"showMaterialUpdate":false,"showSkybox":false,"showFlares":true,"showImageEffects":true,"showParticleSystems":true},"in2DMode":false,"pivot":{"x":0.012422174215316773,"y":-0.02731078863143921,"z":-0.03978054225444794},"rotation":{"x":-0.10330366343259812,"y":0.39479711651802065,"z":-0.04472682997584343,"w":-0.9118466377258301},"size":0.8059790730476379,"orthographic":false}