{"cameraMode":{"drawMode":0,"name":"Shaded","section":"Shading Mode"},"sceneLighting":false,"audioPlay":false,"sceneViewState":{"showFog":true,"showMaterialUpdate":true,"showSkybox":false,"showFlares":true,"showImageEffects":true,"showParticleSystems":true},"in2DMode":false,"pivot":{"x":7.086878299713135,"y":0.5259994268417358,"z":9.904637336730957},"rotation":{"x":0.18033520877361298,"y":-0.7704581618309021,"z":0.5585903525352478,"w":0.24876287579536439},"size":0.6573351621627808,"orthographic":false}