{"cameraMode":{"drawMode":0,"name":"Shaded","section":"Shading Mode"},"sceneLighting":false,"audioPlay":false,"sceneViewState":{"showFog":true,"showMaterialUpdate":true,"showSkybox":false,"showFlares":true,"showImageEffects":true,"showParticleSystems":true},"in2DMode":false,"pivot":{"x":-20.57708740234375,"y":1.641817331314087,"z":-13.15463924407959},"rotation":{"x":0.06175101548433304,"y":-0.7150164842605591,"z":0.06366654485464096,"w":0.6934735774993897},"size":7.733278274536133,"orthographic":false}