{"cameraMode":{"drawMode":0,"name":"Shaded","section":"Shading Mode"},"sceneLighting":true,"audioPlay":false,"sceneViewState":{"showFog":true,"showMaterialUpdate":true,"showSkybox":true,"showFlares":true,"showImageEffects":true,"showParticleSystems":true},"in2DMode":false,"pivot":{"x":-13.235431671142579,"y":15.240572929382325,"z":66.11222839355469},"rotation":{"x":0.06321880221366883,"y":0.09656205028295517,"z":0.006684952415525913,"w":-0.9934366345405579},"size":86.39595031738281,"orthographic":false}