{"cameraMode":{"drawMode":0,"name":"Shaded","section":"Shading Mode"},"sceneLighting":false,"audioPlay":false,"sceneViewState":{"showFog":true,"showMaterialUpdate":true,"showSkybox":false,"showFlares":true,"showImageEffects":true,"showParticleSystems":true},"in2DMode":false,"pivot":{"x":1.106224775314331,"y":0.42483681440353396,"z":2.080188751220703},"rotation":{"x":0.026440713554620744,"y":0.43855020403862,"z":-0.012840108014643193,"w":0.8982610106468201},"size":3.4239232540130617,"orthographic":false}